Size,Time
1,0.000000031
2,0.000000030
3,0.000000030
4,0.000000030
5,0.000000029
6,0.000000030
7,0.000000040
8,0.000000049
9,0.000000050
10,0.000000049
20,0.000000070
30,0.000000100
40,0.000000190
50,0.000000140
60,0.000000171
70,0.000000181
80,0.000000210
90,0.000000420
100,0.000000441
200,0.000000812
300,0.000001122
400,0.000000932
500,0.000001152
600,0.000002133
700,0.000001583
800,0.000001823
900,0.000003226
1000,0.000002274
2000,0.000006983
3000,0.000006672
4000,0.000011110
5000,0.000011261
6000,0.000013385
7000,0.000026239
8000,0.000029545
9000,0.000020027
10000,0.000022221
20000,0.000044413
30000,0.000066965
40000,0.000088895
50000,0.000111509
60000,0.000143307
70000,0.000155110
80000,0.000290101
90000,0.000216554
100000,0.000239617
200000,0.000451463
300000,0.000673208
400000,0.000895743
500000,0.001117457
600000,0.001341104
700000,0.001577075
800000,0.001795592
900000,0.002015163
1000000,0.002251575
2000000,0.004475727
